,cumsum,with_prefix,auc,se,total_fit_time,total_compute_score_time,mse_between_scores,rmse_between_scores,mae_between_scores,mse_between_norm_scores,rmse_between_norm_scores,mae_between_norm_scores
0,False,False,0.643683775,0.003871060373736696,0.1591019630432129,0.12285590171813965,0.00014941488322926688,0.012223538081474892,0.009520642218273602,0.7842275376066362,0.8855662242919138,0.6897478558068549
1,False,True,0.6148406450000001,0.003967800265725457,0.28130507469177246,0.2226097583770752,0.00014941488322926688,0.012223538081474892,0.009520642218273602,0.7842275376066362,0.8855662242919138,0.6897478558068549
2,True,False,0.722898575,0.00357524646388613,0.4067690372467041,0.33114171028137207,0.001229020496122409,0.03505738860957001,0.030745399691977444,0.6382338091045086,0.7988953680579883,0.700632830258989
3,True,True,0.7214370449999999,0.0035619707497822413,0.5334229469299316,0.4361426830291748,0.001229020496122409,0.03505738860957001,0.030745399691977444,0.6382338091045086,0.7988953680579883,0.700632830258989
