,auc,se,total_fit_time,total_compute_score_time,with_prefix
0,0.889933895,0.0022436089819150703,12929.68161725998,133.17037892341614,True
1,0.87747936,0.0023860382412502976,25505.36880016327,262.8766016960144,False
