,cumsum,with_prefix,auc,se,total_fit_time,total_compute_score_time,mse_between_scores,rmse_between_scores,mae_between_scores,mse_between_norm_scores,rmse_between_norm_scores,mae_between_norm_scores
0,False,False,0.740694545,0.0035208531922066005,38.74162220954895,2.7894973754882812e-05,4.90039086672342e+19,7000279184.949283,3394218462.8142953,2.266414741404965,1.5054616373076284,0.7299516989828758
1,False,True,0.77737512,0.003251635395765534,75.72802734375,0.0002288818359375,4.90039086672342e+19,7000279184.949283,3394218462.8142953,2.266414741404965,1.5054616373076284,0.7299516989828758
2,True,False,0.7868756699999999,0.003196186581723461,113.35165143013,0.0002579689025878906,0.011479458949545137,0.10714223700084452,0.08431158182023502,0.31795512813502363,0.563875099765031,0.4437204499459711
3,True,True,0.775206775,0.0032984200609127838,151.94315719604492,0.0004630088806152344,0.011479458949545137,0.10714223700084452,0.08431158182023502,0.31795512813502363,0.563875099765031,0.4437204499459711
