,with_prefix,auc,se,total_fit_time,total_compute_score_time
0,True,0.7318700800000001,0.0035683318883464243,0.20020198822021484,0.16024494171142578
1,False,0.7310202100000001,0.003581606307013908,0.3262460231781006,0.2691500186920166
