,cumsum,with_prefix,auc,se,total_fit_time,total_compute_score_time,mse_between_scores,rmse_between_scores,mae_between_scores,mse_between_norm_scores,rmse_between_norm_scores,mae_between_norm_scores
0,False,False,0.48081160500000003,0.004103368581742017,0.13216328620910645,0.11738705635070801,0.003436300899818589,0.05861997014515266,0.05052056571413158,2.5530407537133257,1.5978237555229067,1.3770556320757623
1,False,True,0.6342248149999999,0.003884960947243883,0.24109411239624023,0.20950603485107422,0.003436300899818589,0.05861997014515266,0.05052056571413158,2.5530407537133257,1.5978237555229067,1.3770556320757623
2,True,False,0.71275548,0.003627706192352872,0.34661293029785156,0.27277517318725586,0.0016967020267764222,0.041191043040646864,0.0340457041759254,0.8109855708847232,0.9005473729264459,0.7443309805193774
3,True,True,0.7391926499999999,0.0034993420253571716,0.4535858631134033,0.34941792488098145,0.0016967020267764222,0.041191043040646864,0.0340457041759254,0.8109855708847232,0.9005473729264459,0.7443309805193774
