,with_prefix,auc,se,total_fit_time,total_compute_score_time
0,True,0.7870619050000001,0.003254721440392075,47.30217504501343,3.2901763916015625e-05
1,False,0.790625405,0.003211425150444873,88.51365494728088,0.0002465248107910156
