,cumsum,with_prefix,auc,se,total_fit_time,total_compute_score_time,mse_between_scores,rmse_between_scores,mae_between_scores,mse_between_norm_scores,rmse_between_norm_scores,mae_between_norm_scores
0,False,False,0.798655525,0.0030846640070882475,12057.12377691269,118.67668199539185,0.04824604383356553,0.21964982092768828,0.037033117556071235,1.1171786487600954,1.0569667207438915,0.17820534820763628
1,False,True,0.8645835500000001,0.0025788060394353837,24059.025927066803,231.87402200698853,0.04824604383356553,0.21964982092768828,0.037033117556071235,1.1171786487600954,1.0569667207438915,0.17820534820763628
2,True,False,0.8776404200000001,0.0023891142116481837,36895.57137918472,355.36717557907104,0.09830713247269673,0.31353968245295,0.03926233490539465,0.34516411723868584,0.587506695484133,0.07356926707585466
3,True,True,0.89094602,0.0022199358931386057,49877.005955934525,486.3550126552582,0.09830713247269673,0.31353968245295,0.03926233490539465,0.34516411723868584,0.587506695484133,0.07356926707585466
