,with_prefix,auc,se,total_fit_time,total_compute_score_time
0,True,0.7051954349999999,0.0036900996389149453,0.1220090389251709,0.07168197631835938
1,False,0.7229885650000001,0.0036416616994392158,0.22837209701538086,0.1434478759765625
