,cumsum,with_prefix,auc,se,total_fit_time,total_compute_score_time,mse_between_scores,rmse_between_scores,mae_between_scores,mse_between_norm_scores,rmse_between_norm_scores,mae_between_norm_scores
0,False,False,0.4616964,0.004081516404594727,21.11505699157715,0.00020313262939453125,0.010538103328468596,0.10265526449465998,0.06619450836457347,1.6716825726787188,1.292935641352159,0.8337150515139213
1,False,True,0.725796005,0.003553366125326552,42.48075604438782,0.00023317337036132812,0.010538103328468596,0.10265526449465998,0.06619450836457347,1.6716825726787188,1.292935641352159,0.8337150515139213
2,True,False,0.769341265,0.0033278189596788873,63.18122696876526,0.00043129920959472656,0.005326253971207811,0.07298118916000075,0.05606122924400197,0.19328746645805378,0.4396447047992888,0.3377174702871647
3,True,True,0.759815645,0.0033655994399676707,84.38151693344116,0.00046539306640625,0.005326253971207811,0.07298118916000075,0.05606122924400197,0.19328746645805378,0.4396447047992888,0.3377174702871647
