,with_prefix,auc,se,total_fit_time,total_compute_score_time
0,True,0.696183475,0.0037071609347127223,23.063555002212524,0.00021028518676757812
1,False,0.746562,0.003467639636816925,46.24707913398743,0.0004885196685791016
